{
	// 开发模式
	"condition": { //模式配置，仅开发期间生效
		"current": 0, //当前激活的模式（list 的索引项）
		"list": [{
			"name": "开发模式", //模式名称
			"path": "pages/user/user" //启动页面，必选
		}]
	},
	"pages": [{
			"path": "pages/main/main",
			"style": {
				"navigationBarTitleText": "蚁蚁",
				"onReachBottomDistance": 50, //上拉触底事件
				"enablePullDownRefresh": true, //开启下拉刷新
				"app-plus": {
					"scrollIndicator": "none" ///滚动条显示策略，设置为 "none" 时不显示滚动条。
					// "type":"transparent"   //App-nvue 2.4.4+ 支持
				}
			}

		}, {
			"path": "pages/login/login",
			"style": {
				"navigationBarTitleText": "登录"
			}
		}, {
			"path": "pages/reg/reg",
			"style": {
				"navigationBarTitleText": "注册"
			}
		}, {
			"path": "pages/pwd/pwd",
			"style": {
				"navigationBarTitleText": "找回密码"
			}
		}, {
			"path": "pages/user/user",
			"style": {
				"navigationBarTitleText": "个人中心",
				"app-plus": {
					"bounce": "none"
				}
			}
		},
		{
			"path": "pages/user/insure",
			"style": {
				"navigationBarTitleText": "保单",
				"app-plus": {
					"bounce": "none"
				}
			}
		},
		{
			"path": "pages/user/collection",
			"style": {
				"navigationBarTitleText": "收藏"
			}
		},
		{
			"path": "pages/user/claim",
			"style": {
				"navigationBarTitleText": "自助理赔"
			}
		},
		{
			"path": "pages/user/claimlist/claimlist",
			"style": {
				"navigationBarTitleText": "添加理赔"
			}
		},
		{
			"path": "pages/user/about/about",
			"style": {
				"navigationBarTitleText": "关于蚁蚁"
			}
		},
		{
			"path": "pages/find/find",
			"style": {
				"navigationBarTitleText": "发现"
			}
		}, {
			"path": "pages/main/mainMore",
			"style": {
				"navigationBarTitleText": "保险小知识"
			}
		},
		{
			"path": "pages/insure/child",
			"style": {
				"navigationBarTitleText": "童安保儿童防走失计划",
				"backgroundTextStyle": "light",
				"app-plus": {
					"scrollIndicator": "none" ///滚动条显示策略，设置为 "none" 时不显示滚动条。
					// "type":"transparent"   //App-nvue 2.4.4+ 支持
				}
			}
		}, {
			"path": "pages/insure/drive",
			"style": {
				"navigationBarTitleText": "驾车意外险"
			}
		}, {
			"path": "pages/insure/miss",
			"style": {
				"navigationBarTitleText": "人身意外险"
			}
		}, {
			"path": "pages/insure/strichen",
			"style": {
				"navigationBarTitleText": "长期重疾险"
			}
		}, {
			"path": "pages/user/setself",
			"style": {
				"navigationBarTitleText": "个人信息",
				"app-plus": {
					"bounce": "none"
				}
			}
		}
   
        ,{
            "path" : "pages/user/develop/develop",
            "style" : {
				"navigationBarTitleText":"蚁蚁发展历程"
			}
        }
        
        ,{
            "path" : "pages/main/mainContent/mainContent",
            "style" : {
				"navigationBarTitleText":"保民头条"
			}
        }
        ,{
            "path" : "pages/find/claim/realClaim",
            "style" : {
				"navigationBarTitleText":"理赔案例"
			}
        }
        ,{
            "path" : "pages/find/claim/caselist",
            "style" : {
				"navigationBarTitleText":"资讯"
			}
        }
        ,{
            "path" : "pages/find/newinsure/newinsure",
            "style" : {
				"navigationBarTitleText":"新保险"
			}
        }
        ,{
            "path" : "pages/find/claim/skillClaim",
            "style" : {
				"navigationBarTitleText":"理赔小技巧"
			}
        }
        ,{
            "path" : "pages/find/geratarea/greatList",
            "style" : {
				"navigationBarTitleText":"精选保险"
			}
        }
    ],
	// 底部导航
	"tabBar": {
		"color": "#7a7e83",
		"selectedColor": "#0faeff",
		"backgroundColor": "#ffffff",
		"list": [{
				"pagePath": "pages/main/main",
				"text": "首页",
				"iconPath": "static/img/home.png",
				"selectedIconPath": "static/img/homeHL.png"
			},
			{
				"pagePath": "pages/find/find",
				"text": "发现",
				"iconPath": "static/img/find.png",
				"selectedIconPath": "static/img/findHL.png"
			},
			{
				"pagePath": "pages/user/user",
				"text": "我的",
				"iconPath": "static/img/user.png",
				"selectedIconPath": "static/img/userHL.png"
			}
		]
	},
	// 全局配置
	"globalStyle": {
		"navigationBarTextStyle": "white",
		"navigationBarBackgroundColor": "#0faeff",
		"backgroundColor": "#fbf9fe",
		"transparentTitle": "always " //导航栏透明设置
	}

}
